Ackerman Family Vineyards, ,wineconcierge@ackermanfamilyvineyards.com,/vineyards/ackerman-family-vineyards/
Adler Deutsch Vineyard, ,info@adlerdeutsch.com,/vineyards/adler-deutsch-vineyard/
Anderson's Conn Valley Vineyards, ,info@andersonconnvalley.com,/vineyards/andersons-conn-valley-vineyards/
Anomaly Vineyards, ,info@anomalyvineyards.com,/vineyards/anomaly-vineyards/
Arkenstone Vineyards, ,info@arkenstone.com,/vineyards/arkenstone-vineyards/
Baldacci Family Vineyards, ,info@baldaccivineyards.com,/vineyards/baldacci-family-vineyards/
Ballentine Vineyards, ,info@ballentinevineyards.com,/vineyards/ballentine-vineyards/
Barbour Vineyards, ,info@barbourvineyards.com,/vineyards/barbour-vineyards/
Barlow Vineyards, ,info@barlowvineyards.com,/vineyards/barlow-vineyards/
Barnett Vineyards, ,winery@barnettvineyards.com,/vineyards/barnett-vineyards/
Battuello Vineyards, ,torey@battuellovineyards.com,/vineyards/battuello-family-wines/
Beaulieu Vineyard, ,cs_bv@bvwines.com,/vineyards/beaulieu-vineyard/
Bello Family Vineyards, ,info@bellofamilyvineyards.com,/vineyards/bello-family-vineyards/
Beringer Vineyards, ,cs_beringer@beringer.com,/vineyards/beringer-vineyards/
Bjorn Vineyards, ,Bjorn@bjornvineyards.com,/vineyards/bjorn-vineyards/
Blackbird Vineyards, ,info@blackbirdvineyards.com,/vineyards/blackbird-vineyards/
Boeschen Vineyards, ,info@boeschenvineyards.com,/vineyards/boeschen-vineyards/
Bouchaine Vineyards, ,info@bouchaine.com,/vineyards/bouchaine-vineyards/
Boyd Family Vineyards, ,info@boydwine.com,/vineyards/boyd-family-vineyards/
Brandlin, ,wine@brandlinvineyard.com,/vineyards/brandlin-vineyard/
Bravante Vineyards, ,michelle@bravantewine.com,/vineyards/bravante-vineyards/
Brown Estate Vineyards, ,winery@brownestate.com,/vineyards/brown-estate-vineyards/
Bryant Estate, ,info@bryantwines.com,/vineyards/bryant-estate/
Buehler Vineyards, ,john@buehlervineyards.com,/vineyards/buehler-vineyards/
Caldwell Vineyard, ,jfc@caldwellvineyard.com,/vineyards/caldwell-vineyard/
Calla Lily Estate & Winery, ,eichnerse@comcast.net,/vineyards/calla-lily-vineyards/
CAMi Vineyards, ,info@camivineyards.com,/vineyards/cami-vineyards/
Canard Vineyard, ,info@canardvineyard.com,/vineyards/canard-vineyard/
Caymus Vineyards, ,info@caymus.com,/vineyards/caymus-vineyards/
Ceja Vineyards, ,wine@cejavineyards.com,/vineyards/ceja-vineyards/
Celani Family Vineyards, ,vicki@celaniwines.com,/vineyards/celani-family-vineyards
Chappellet Vineyard, ,info@chappellet.com,/vineyards/chappellet-vineyard/
Chateau De Vie, ,felipe@cdvnapavalley.com,/vineyards/chateau-de-vie/
Checkerboard Vineyards, ,info@checkerboardvineyards.com,/vineyards/checkerboard-vineyards/
Clark-Claudon Vineyards, ,wine@clarkclaudon.com,/vineyards/clark-claudon-vineyards/
Cliff Lede Vineyards, ,info@cliffledevineyards.com,/vineyards/cliff-lede-vineyards/
Contrail Vintners, ,steve@whynotwines.com,/vineyards/contrail-vintners/
Dalla Valle Vineyards, ,info@dallavallevineyards.com,/vineyards/dalla-valle-vineyards/
David Arthur Vineyards, ,tours@davidarthur.com,/vineyards/david-arthur-vineyards/
Davies Vineyards, ,daviesinfo@schramsberg.com,/vineyards/j-davies-vineyards/
Del Dotto Vineyards, ,mail@deldottovineyards.com,/vineyards/del-dotto-vineyards/
Detert Family Vineyards, ,info@detert.com,/vineyards/detert-family-vineyards/
Diamond Creek Vineyards, ,info@diamondcreekvineyards.com,/vineyards/diamond-creek-vineyards/
Dos Lagos Vineyards, ,tom@doslagosvineyards.com,/vineyards/dos-lagos-vineyards/
Duckhorn Vineyards, ,reservations@duckhorn.com,/vineyards/duckhorn-vineyards/
Dyer Vineyard, ,info@dyerwine.com,/vineyards/dyer-vineyard/
Ellman Family Vineyards, ,evan@ellmanfamilyvineyards.com,/vineyards/ellman-family-vineyards/
Emmolo Wines, ,info@wagnerfamilyofwine.com,/vineyards/emmolo-wines/
Erba Mountainside Vineyards, ,erbavineyards@gmail.com,/vineyards/erba-mountainside-vineyards/
Farella Vineyard, ,info@farella.com,/vineyards/farella-vineyard/
Fiftyrow Vineyards, ,info@fiftyrow.com,/vineyards/fiftyrow-vineyards/
Fisher Vineyards, ,wine@fishervineyards.com,/vineyards/fisher-vineyards/
Fortunati Vineyards, ,info@fortunativineyards.com,/vineyards/fortunati-vineyards/
Frank Family Vineyards, ,info@frankfamilyvineyards.com,/vineyards/frank-family-vineyards/
Frias Family Vineyard, ,fern@friasfamilyvineyard.com,/vineyards/frias-family-vineyard/
Gamble Family Vineyards, ,wine@gamblefamilyvineyards.com,/vineyards/gamble-family-vineyards/
Gargiulo Vineyards, ,sharon@gargiulovineyards.com,/vineyards/gargiulo-vineyards/
Gold Coast Vineyards, ,kouros.gcvwine@gmail.com,/vineyards/gold-coast-vineyards/
Grace Family Vineyards, ,info@gracefamilyvineyards.com,/Vineyards/grace-family-vineyards/
Grand Napa Vineyards, ,dwight@grandnapavineyards.com,/vineyards/grand-napa-vineyards/
Haber Family Vineyards, ,ronh@haberwine.com,/vineyards/haber-family/
Hartwell Vineyards, ,info@hartwellvineyards.com,/vineyards/hartwell-vineyards/
Herb Lamb Vineyards, ,info@herblambvineyards.com,/vineyards/herb-lamb-vineyards/
Hertelendy Vineyards, ,info@hertelendy.com,/vineyards/hertelendy/
Hestan Vineyards, ,ann@hestan.com,/vineyards/hestan-vineyards/
Hewitt Vineyard, ,cs_hewitt@hewittvineyard.com,/vineyards/hewitt-vineyard/
Hindsight Vineyards, ,sgersch@hindsightwines.com,/vineyards/hindsight-vineyards/
Hoopes Vineyard, ,info@hoopesvineyard.com,/vineyards/hoopes-vineyard/
Hudson Ranch, ,info@hudsonranch.com,/vineyards/hudson-vineyards/
Jamieson Ranch Vineyards, ,info@jamiesonranch.com,/vineyards/jamieson-ranch-vineyards/
JAX Vineyards, ,info@jaxvineyards.com,/vineyards/jax-vineyards/
Jericho Canyon Vineyard, ,info@jerichocanyonvineyard.com,/vineyards/jericho-canyon-vineyard/
John Anthony Vineyards, ,Info@javwine.com,/vineyards/john-anthony-vineyards/
Jones Family Vineyards, ,email@joneswine.com,/vineyards/jones-family-vineyards/
Joseph Phelps Vineyards, ,info@josephphelps.com,/vineyards/joseph-phelps-vineyards/
Juslyn Vineyards, ,info@juslynvineyards.com,/vineyards/juslyn-vineyards/
Keever Vineyards, ,info@keevervineyards.com,/vineyards/keever-vineyards/
Kelleher Family Vineyards, ,wine@kelleher.com,/vineyards/kelleher-family-vineyards/
Knighton Family Vineyards, ,jim@knightonfamilyvineyards.com,/vineyards/knighton-family-vineyards/
La Jota Vineyard Co., ,info@lajotawines.com,/vineyards/la-jota-vineyard-co/
Ladera Vineyards, ,winery@laderavineyards.com,/vineyards/ladera-vineyards/
Lagier Meredith Vineyard, ,mail@lagiermeredith.com,/vineyards/lagier-meredith-vineyard/
Lagniappe Peak Vineyards, ,lagniappepeak@gmail.com,/vineyards/lagniappe-peak-vineyards/
Lail Vineyards, ,info@lailvineyards.com,/vineyards/lail-vineyards/
Lamborn Family Vineyards, ,"mike@lamborn.com, brian@lamborn.com",/vineyards/lamborn-family-vineyards/
Larkmead Vineyards, ,info@larkmead.com,/vineyards/larkmead-vineyards/
Laura Michael Wines, ,laura@lauramichaelwines.com,/vineyards/zahtila-vineyards/
Luna Vineyards, ,info@lunavineyards.com,/vineyards/luna-vineyards/
Macauley Vineyard, ,mhw@macaulevineyard.com,/vineyards/macauley-vineyard/
Malk Family Vineyards, ,info@malkfamilyvineyards.com,/vineyards/malk-family-vineyards/
Markham Vineyards, ,info@markhamvineyards.com,/vineyards/markham-vineyards/
Marston Family Vineyard, ,info@marstonfamilyvineyard.com,/vineyards/marston-family-vineyard/
"Materra, Cunat Family Vineyards", ,info@materrawines.com,/vineyards/materra-cunat-family-vineyards/
Mayacamas Vineyards, ,contact@mayacamas.com,/vineyards/mayacamas-vineyards/
Merryvale Vineyards, ,info@merryvale.com,/vineyards/merryvale-vineyards/
Meteor, ,info@meteorvineyard.com,/vineyards/meteor-vineyard/
Monticello Vineyards, ,wine@corleyfamilynapavalley.com,/vineyards/monticello-vineyards/
Moone-Tsai Vineyards, ,larrytsai@moonetsai.com,/vineyards/moone-tsai-vineyards/
Morlet Family Vineyards, ,info@morletwines.com,/vineyards/morlet-family-vineyards/
Neal Family Vineyards, ,mneal@nealvineyards.com,/vineyards/neal-family-vineyards/
Nemerever, ,info@nemerever.com,/vineyards/nemerever-vineyards/
Newton Vineyard, ,winery@newtonvineyard.com,/vineyards/newton-vineyard/
Oakville Ranch Vineyards, ,shelia@oakvilleranch.com,/vineyards/oakville-ranch-vineyards/
Padis Vineyards, ,alexis@padisvineyards.com,/vineyards/padis-vineyards/
Palmaz Vineyards, ,contactus@palmazvineyards.com,/vineyards/palmaz-vineyards/
Patland Estate Vineyards, ,info@patlandvineyards.com,/vineyards/patland-estate-vineyards/